full_name,id_Player,age,birthday,birthday_GMT,league,season,position,Current Club,minutes_played_overall,minutes_played_home,minutes_played_away,nationality,appearances_overall,appearances_home,appearances_away,goals_overall,goals_home,goals_away,assists_overall,assists_home,assists_away,penalty_goals,penalty_misses,clean_sheets_overall,clean_sheets_home,clean_sheets_away,conceded_overall,conceded_home,conceded_away,yellow_cards_overall,red_cards_overall,goals_involved_per_90_overall,assists_per_90_overall,goals_per_90_overall,goals_per_90_home,goals_per_90_away,min_per_goal_overall,conceded_per_90_overall,min_per_conceded_overall,min_per_match,min_per_card_overall,min_per_assist_overall,cards_per_90_overall,rank_in_league_top_attackers,rank_in_league_top_midfielders,rank_in_league_top_defenders,rank_in_club_top_scorer
Joe Gomez,Joe-864,23,864345600,35573,Premier League,2018/2019,Defender,Liverpool,1060,493,567,England,16,8,8,0,0,0,0,0,0,0,0,11,8,3,3,0,3,2,0,0,0,0,0,0,0,0.25,353,66,530,0,0.17,407,398,1,19
Joe Hart,Joe-545,33,545788800,31886,Premier League,2018/2019,Goalkeeper,Burnley,1710,810,900,England,19,9,10,0,0,0,0,0,0,0,0,4,2,2,34,17,17,0,0,0,0,0,0,0,0,1.79,50,90,0,0,0,367,341,149,16
Joe Powell,Joe-909,22,909705600,36098,Premier League,2018/2019,Forward,West Ham United,0,0,0,England,0,0,0,0,0,0,0,0,0,0,0,0,0,0,0,0,0,0,0,0,0,0,0,0,0,0,0,0,0,0,0,-1,-1,-1,-1
Joe Ralls,Joe-750,27,750470400,34255,Premier League,2018/2019,Midfielder,Cardiff City,1959,847,1112,England,28,15,13,0,0,0,0,0,0,0,1,8,5,3,35,17,18,5,1,0,0,0,0,0,0,1.61,56,70,327,0,0.28,336,383,-1,22
Joel Coleman,Joe-812,25,812073600,34968,Premier League,2018/2019,Goalkeeper,Huddersfield Town,90,0,90,England,1,0,1,0,0,0,0,0,0,0,0,0,0,0,1,0,1,0,0,0,0,0,0,0,0,1,90,90,0,0,0,-1,-1,-1,16
Joel Matip,Joe-681,29,681609600,33458,Premier League,2018/2019,Defender,Liverpool,1532,811,721,Cameroon,22,10,12,1,1,0,0,0,0,0,0,11,6,5,9,5,4,3,0,0.06,0,0.06,0.11,0,1532,0.53,170,70,511,0,0.18,215,286,8,11
Joel Ward,Joe-625,31,625622400,32810,Premier League,2018/2019,Defender,Crystal Palace,551,191,360,England,7,3,4,1,1,0,0,0,0,0,0,0,0,0,12,6,6,1,0,0.16,0,0.16,0.47,0,551,1.96,46,79,551,0,0.16,114,358,159,11
Johann Berg Gu√∞munds¬≠son,Joh-656,30,656985600,33173,Premier League,2018/2019,Midfielder,Burnley,1748,847,901,Iceland,29,15,14,3,0,3,6,5,1,0,0,6,4,2,31,13,18,2,0,0.46,0.31,0.15,0,0.3,583,1.6,56,60,874,291,0.1,122,18,-1,5
John Ruddy,Joh-530,34,530496000,31709,Premier League,2018/2019,Goalkeeper,Wolverhampton Wanderers,90,90,0,England,1,1,0,0,0,0,0,0,0,0,0,1,1,0,0,0,0,0,0,0,0,0,0,0,0,0,0,90,0,0,0,-1,-1,-1,17
John Stones,Joh-770,26,770083200,34482,Premier League,2018/2019,Defender,Manchester City,1762,968,794,England,24,12,12,0,0,0,0,0,0,0,0,13,6,7,15,8,7,1,0,0,0,0,0,0,0,0.77,117,73,1762,0,0.05,309,418,17,17
Jon Gorenc Stankoviƒç,Jon-821,25,821577600,35078,Premier League,2018/2019,Defender,Huddersfield Town,718,218,500,Slovenia,11,3,8,1,0,1,0,0,0,0,0,2,1,1,19,3,16,2,0,0.13,0,0.13,0,0.18,718,2.38,38,65,359,0,0.25,139,291,171,8
Jonas L√∂ssl,Jon-602,32,602294400,32540,Premier League,2018/2019,Goalkeeper,Huddersfield Town,2777,1427,1350,Denmark,31,16,15,0,0,0,1,1,0,0,0,5,3,2,52,22,30,1,0,0.03,0.03,0,0,0,0,1.69,53,90,2777,2777,0.03,333,247,139,25
Jonathan Hogg,Jon-597,32,597369600,32483,Premier League,2018/2019,Midfielder,Huddersfield Town,2377,1294,1083,England,29,16,13,0,0,0,1,1,0,0,0,5,3,2,42,23,19,9,1,0.04,0.04,0,0,0,0,1.59,57,82,238,2377,0.38,330,231,-1,28
Jonathan Walters,Jon-432,37,432864000,30579,Premier League,2018/2019,Forward,Burnley,0,0,0,Republic of Ireland,0,0,0,0,0,0,0,0,0,0,0,0,0,0,0,0,0,0,0,0,0,0,0,0,0,0,0,0,0,0,0,-1,-1,-1,-1
Jonjo Shelvey,Jon-699,29,699148800,33661,Premier League,2018/2019,Midfielder,Newcastle United,944,403,541,England,16,8,8,1,0,1,1,0,1,0,0,5,1,4,11,8,3,1,0,0.19,0.1,0.1,0,0.17,944,1.05,86,59,944,944,0.1,167,149,-1,12
Jonjoe Kenny,Jon-858,24,858384000,35504,Premier League,2018/2019,Defender,Everton,790,413,377,England,10,5,5,0,0,0,1,1,0,0,0,2,1,1,14,7,7,1,0,0.11,0.11,0,0,0,0,1.59,56,79,790,790,0.11,289,143,129,15
Jonny,Jon-762,27,762652800,34396,Premier League,2018/2019,Defender,Wolverhampton Wanderers,2780,1269,1511,Spain,33,16,17,1,1,0,1,1,0,0,0,8,6,2,36,16,20,6,0,0.06,0.03,0.03,0.07,0,2780,1.17,77,84,463,2780,0.19,257,237,59,12
Jonny Evans,Jon-568,33,568166400,32145,Premier League,2018/2019,Defender,Leicester City,1995,1074,921,Northern Ireland,24,12,12,1,1,0,0,0,0,0,0,8,6,2,22,9,13,2,0,0.05,0,0.05,0.08,0,1995,0.99,91,83,998,0,0.09,224,319,32,11
Jordan Ayew,Jor-684,29,684547200,33492,Premier League,2018/2019,Forward,Crystal Palace,1186,616,570,Ghana,20,8,12,1,0,1,2,0,2,0,0,6,3,3,13,7,6,3,0,0.23,0.15,0.08,0,0.16,1186,0.99,91,59,395,593,0.23,187,96,-1,12
Jordan Henderson,Jor-645,30,645580800,33041,Premier League,2018/2019,Midfielder,Liverpool,1983,925,1058,England,32,16,16,1,0,1,3,2,1,0,0,19,10,9,11,4,7,3,1,0.18,0.14,0.05,0,0.09,1983,0.5,180,62,661,661,0.14,217,102,-1,14
Jordan Pickford,Jor-762,27,762998400,34400,Premier League,2018/2019,Goalkeeper,Everton,3420,1710,1710,England,38,19,19,0,0,0,0,0,0,0,0,14,9,5,44,20,24,1,0,0,0,0,0,0,0,1.16,78,90,3420,0,0.03,409,260,57,14
Jordon Ibe,Jor-818,25,818380800,35041,Premier League,2018/2019,Midfielder,AFC Bournemouth,795,334,461,England,19,10,9,1,0,1,1,1,0,0,0,4,4,0,21,3,18,1,0,0.23,0.11,0.11,0,0.2,795,2.38,38,42,795,795,0.11,154,134,-1,13
Jorginho,Jor-693,29,693187200,33592,Premier League,2018/2019,Midfielder,Chelsea,3165,1621,1544,Italy,37,19,18,2,0,2,0,0,0,1,0,16,10,6,36,12,24,8,0,0.06,0,0.06,0,0.12,1583,1.02,88,86,396,0,0.23,213,375,-1,11
Jos√© Diogo Dalot Teixeira,Jos-921,22,921715200,36237,Premier League,2018/2019,Defender,Manchester United,1015,525,490,Portugal,16,7,9,0,0,0,2,2,0,0,0,2,0,2,18,8,10,3,0,0.18,0.18,0,0,0,0,1.6,56,63,338,508,0.27,283,77,131,17
Jos√© Holebas,Jos-457,36,457142400,30860,Premier League,2018/2019,Defender,Watford,2394,1224,1170,Greece,28,15,13,3,2,1,6,5,1,0,0,5,3,2,38,20,18,13,1,0.34,0.23,0.11,0.15,0.08,798,1.43,63,86,171,399,0.53,153,49,105,7
Jose Izquierdo,Jos-710,28,710467200,33792,Premier League,2018/2019,Forward,Brighton & Hove Albion,794,365,429,Colombia,15,8,7,0,0,0,1,0,1,0,0,5,3,2,8,4,4,1,0,0.11,0.11,0,0,0,0,0.91,99,53,794,794,0.11,266,136,-1,21
Jos√© Luis Sanmart√≠n Mato,Jos-638,31,638496000,32959,Premier League,2018/2019,Forward,Newcastle United,586,308,278,Spain,16,9,7,2,2,0,0,0,0,0,0,4,2,2,12,8,4,1,0,0.31,0,0.31,0.58,0,293,1.84,49,37,586,0,0.15,61,265,-1,5
Joseph Willock,Jos-935,21,935107200,36392,Premier League,2018/2019,Midfielder,Arsenal,64,0,64,England,2,0,2,0,0,0,0,0,0,0,0,0,0,0,0,0,0,0,0,0,0,0,0,0,0,0,0,32,0,0,0,-1,-1,-1,16
Josh Benson,Jos-944,21,944352000,36499,Premier League,2018/2019,Midfielder,Burnley,0,0,0,England,0,0,0,0,0,0,0,0,0,0,0,0,0,0,0,0,0,0,0,0,0,0,0,0,0,0,0,0,0,0,0,-1,-1,-1,-1
Josh Knight,Jos-873,23,873590400,35680,Premier League,2018/2019,Defender,Leicester City,0,0,0,England,0,0,0,0,0,0,0,0,0,0,0,0,0,0,0,0,0,0,0,0,0,0,0,0,0,0,0,0,0,0,0,-1,-1,-1,-1
Josh Murphy,Jos-793,26,793584000,34754,Premier League,2018/2019,Forward,Cardiff City,1825,1123,702,England,29,17,12,3,2,1,2,1,1,0,0,7,4,3,27,20,7,2,0,0.25,0.1,0.15,0.16,0.13,608,1.33,68,63,913,913,0.1,119,147,-1,6
Joshua King,Jos-695,29,695433600,33618,Premier League,2018/2019,Forward,AFC Bournemouth,2974,1563,1411,Norway,35,18,17,12,9,3,3,3,0,5,1,9,6,3,54,20,34,3,0,0.45,0.09,0.36,0.52,0.19,248,1.63,55,85,991,991,0.09,49,157,-1,2
Joshua Sims,Jos-859,24,859507200,35517,Premier League,2018/2019,Midfielder,Southampton,209,139,70,England,7,4,3,0,0,0,1,1,0,0,0,1,0,1,5,3,2,0,0,0.43,0.43,0,0,0,0,2.15,42,30,0,209,0,-1,-1,-1,20
Juan Marcos Foyth,Jua-884,23,884563200,35807,Premier League,2018/2019,Defender,Tottenham Hotspur,930,450,480,Argentina,12,6,6,1,0,1,0,0,0,0,0,4,3,1,10,2,8,4,1,0.1,0,0.1,0,0.19,930,0.97,93,78,186,0,0.48,157,334,28,14
Juan Mata,Jua-578,32,578188800,32261,Premier League,2018/2019,Midfielder,Manchester United,1294,833,461,Spain,22,13,9,3,3,0,2,2,0,0,0,4,2,2,14,6,8,3,0,0.35,0.14,0.21,0.32,0,431,0.97,92,59,431,647,0.21,92,103,-1,6
Juli√°n Speroni,Jul-295,41,295833600,28993,Premier League,2018/2019,Goalkeeper,Crystal Palace,90,0,90,Argentina,1,0,1,0,0,0,0,0,0,0,0,0,0,0,3,0,3,0,0,0,0,0,0,0,0,3,30,90,0,0,0,-1,-1,-1,15
Juninho Bacuna,Jun-870,23,870912000,35649,Premier League,2018/2019,Midfielder,Huddersfield Town,1414,722,692,Netherlands,21,11,10,1,0,1,0,0,0,0,0,2,2,0,36,15,21,4,0,0.06,0,0.06,0,0.13,1414,2.29,39,67,354,0,0.25,205,325,-1,7
Junior Stanislas,Jun-628,31,628041600,32838,Premier League,2018/2019,Midfielder,AFC Bournemouth,1027,559,468,England,23,12,11,2,1,1,3,3,0,1,0,7,4,3,24,8,16,1,0,0.44,0.26,0.18,0.16,0.19,514,2.1,43,45,1027,342,0.09,104,35,-1,7
J√ºrgen Locadia,J√º-752,27,752630400,34280,Premier League,2018/2019,Forward,Brighton & Hove Albion,1227,590,637,Netherlands,26,14,12,2,2,0,0,0,0,0,0,4,3,1,19,9,10,1,0,0.15,0,0.15,0.31,0,614,1.39,65,47,1227,0,0.07,120,281,-1,7
Kadeem Harris,Kad-739,27,739497600,34128,Premier League,2018/2019,Midfielder,Cardiff City,366,133,233,England,13,5,8,1,1,0,0,0,0,0,0,4,1,3,5,1,4,1,0,0.25,0,0.25,0.68,0,366,1.23,73,28,366,0,0.25,79,262,-1,11
Karl Darlow,Kar-655,30,655344000,33154,Premier League,2018/2019,Goalkeeper,Newcastle United,0,0,0,England,0,0,0,0,0,0,0,0,0,0,0,0,0,0,0,0,0,0,0,0,0,0,0,0,0,0,0,0,0,0,0,-1,-1,-1,-1
Karlan Ahearne-Grant,Kar-882,23,882489600,35783,Premier League,2018/2019,Forward,Huddersfield Town,874,331,543,England,13,6,7,4,2,2,0,0,0,0,0,1,1,0,22,7,15,0,0,0.41,0,0.41,0.54,0.33,219,2.27,40,67,0,0,0,31,308,-1,1
Kasper Schmeichel,Kas-531,34,531532800,31721,Premier League,2018/2019,Goalkeeper,Leicester City,3420,1710,1710,Denmark,38,19,19,0,0,0,0,0,0,0,0,10,6,4,43,18,25,3,0,0,0,0,0,0,0,1.13,80,90,1140,0,0.08,342,302,50,25
Kayne Ramsey,Kay-971,20,971136000,36809,Premier League,2018/2019,Midfielder,Southampton,90,90,0,England,1,1,0,0,0,0,0,0,0,0,0,0,0,0,3,3,0,0,0,0,0,0,0,0,0,3,30,90,0,0,0,-1,-1,-1,19
Kazaiah Sterling,Kaz-910,22,910569600,36108,Premier League,2018/2019,Forward,Tottenham Hotspur,0,0,0,England,0,0,0,0,0,0,0,0,0,0,0,0,0,0,0,0,0,0,0,0,0,0,0,0,0,0,0,0,0,0,0,-1,-1,-1,-1
Kelechi Iheanacho,Kel-844,24,844300800,35341,Premier League,2018/2019,Forward,Leicester City,926,408,518,Nigeria,30,14,16,1,1,0,3,2,1,0,0,6,4,2,11,5,6,2,0,0.39,0.29,0.1,0.22,0,926,1.07,84,31,463,309,0.19,169,24,-1,13
Kelland Watts,Kel-941,21,941587200,36467,Premier League,2018/2019,Midfielder,Newcastle United,0,0,0,England,0,0,0,0,0,0,0,0,0,0,0,0,0,0,0,0,0,0,0,0,0,0,0,0,0,0,0,0,0,0,0,-1,-1,-1,-1
Ken Sema,Ken-749,27,749347200,34242,Premier League,2018/2019,Midfielder,Watford,755,301,454,Sweden,17,8,9,1,0,1,2,1,1,0,0,6,4,2,8,3,5,1,0,0.36,0.24,0.12,0,0.2,755,0.95,94,44,755,378,0.12,143,47,-1,14
Kenneth Dahrup Zohor√®,Ken-759,27,759974400,34365,Premier League,2018/2019,Forward,Cardiff City,746,388,358,Denmark,19,11,8,1,0,1,1,0,1,0,0,5,2,3,15,9,6,1,0,0.24,0.12,0.12,0,0.25,746,1.81,50,39,746,746,0.12,142,128,-1,12
Kepa Arrizabalaga,Kep-781,26,781142400,34610,Premier League,2018/2019,Goalkeeper,Chelsea,3240,1620,1620,Spain,36,18,18,0,0,0,0,0,0,0,0,14,9,5,38,12,26,2,0,0,0,0,0,0,0,1.06,85,90,1620,0,0.06,364,363,39,24
Kevin De Bruyne,Kev-678,29,678067200,33417,Premier League,2018/2019,Midfielder,Manchester City,974,477,497,Belgium,19,9,10,2,2,0,2,0,2,0,0,12,6,6,3,1,2,2,0,0.37,0.18,0.18,0.38,0,487,0.28,325,51,487,487,0.18,109,75,-1,10
Kevin Long,Kev-650,30,650937600,33103,Premier League,2018/2019,Defender,Burnley,513,90,423,Republic of Ireland,6,1,5,0,0,0,1,0,1,0,0,1,0,1,7,2,5,0,0,0.18,0.18,0,0,0,0,1.23,73,86,0,513,0,293,72,70,15
Kevin McDonald,Kev-594,32,594604800,32451,Premier League,2018/2019,Midfielder,Fulham,842,399,443,Scotland,15,8,7,0,0,0,0,0,0,0,0,0,0,0,25,12,13,6,1,0,0,0,0,0,0,2.67,34,56,140,0,0.64,317,410,-1,25
Kieran Dowell,Kie-876,23,876441600,35713,Premier League,2018/2019,Midfielder,Everton,0,0,0,England,0,0,0,0,0,0,0,0,0,0,0,0,0,0,0,0,0,0,0,0,0,0,0,0,0,0,0,0,0,0,0,-1,-1,-1,-1
Kieran Trippier,Kie-653,30,653702400,33135,Premier League,2018/2019,Defender,Tottenham Hotspur,2278,1188,1090,England,27,14,13,1,1,0,3,0,3,0,0,10,5,5,20,10,10,2,0,0.16,0.12,0.04,0.08,0,2278,0.79,114,84,1139,759,0.08,230,122,19,12
Konstantinos Mavropanos,Kon-881,23,881798400,35775,Premier League,2018/2019,Defender,Arsenal,150,46,104,Greece,4,1,3,0,0,0,0,0,0,0,0,1,0,1,1,1,0,1,0,0,0,0,0,0,0,0.6,150,38,150,0,0.6,-1,-1,-1,19
Kortney Hause,Kor-805,25,805852800,34896,Premier League,2018/2019,Defender,Wolverhampton Wanderers,0,0,0,England,0,0,0,0,0,0,0,0,0,0,0,0,0,0,0,0,0,0,0,0,0,0,0,0,0,0,0,0,0,0,0,-1,-1,-1,-1
Kurt Zouma,Kur-783,26,783216000,34634,Premier League,2018/2019,Defender,Everton,2610,1350,1260,France,32,16,16,2,1,1,2,0,2,0,0,11,8,3,37,17,20,5,1,0.14,0.07,0.07,0.07,0.07,1305,1.28,71,82,522,1305,0.17,192,185,83,7
Kyle Taylor,Kyl-935,21,935798400,36400,Premier League,2018/2019,Midfielder,AFC Bournemouth,0,0,0,England,0,0,0,0,0,0,0,0,0,0,0,0,0,0,0,0,0,0,0,0,0,0,0,0,0,0,0,0,0,0,0,-1,-1,-1,-1
Kyle Walker,Kyl-643,30,643852800,33021,Premier League,2018/2019,Defender,Manchester City,2777,1245,1532,England,33,15,18,1,1,0,1,0,1,0,0,18,7,11,17,9,8,3,0,0.06,0.03,0.03,0.07,0,2777,0.55,163,84,926,2777,0.1,250,248,10,14
Kyle Walker-Peters,Kyl-860,23,860889600,35533,Premier League,2018/2019,Defender,Tottenham Hotspur,374,272,102,England,6,4,2,0,0,0,3,3,0,0,0,3,2,1,4,2,2,1,0,0.72,0.72,0,0,0,0,0.96,94,62,374,125,0.24,357,1,25,21
Laurent Depoitre,Lau-597,32,597456000,32484,Premier League,2018/2019,Forward,Huddersfield Town,1059,446,613,Belgium,23,12,11,0,0,0,1,0,1,0,0,3,2,1,22,6,16,1,0,0.08,0.08,0,0,0,0,1.87,48,46,1059,1059,0.08,331,169,-1,27
Laurent Koscielny,Lau-495,35,495158400,31300,Premier League,2018/2019,Defender,Arsenal,1328,484,844,France,17,6,11,3,2,1,0,0,0,0,0,4,3,1,21,5,16,1,0,0.2,0,0.2,0.37,0.11,443,1.42,63,78,1328,0,0.07,93,295,103,7
Lazar Markoviƒá,Laz-762,27,762566400,34395,Premier League,2018/2019,Midfielder,Fulham,44,0,44,Serbia,1,0,1,0,0,0,0,0,0,0,0,0,0,0,0,0,0,0,0,0,0,0,0,0,0,0,0,44,0,0,0,-1,-1,-1,16
Leander Dendoncker,Lea-797,25,797904000,34804,Premier League,2018/2019,Midfielder,Wolverhampton Wanderers,1469,635,834,Belgium,19,9,10,2,1,1,0,0,0,0,0,4,4,0,19,6,13,1,0,0.12,0,0.12,0.14,0.11,735,1.16,77,77,1469,0,0.06,146,331,-1,8
Leandro Bacuna,Lea-682,29,682732800,33471,Premier League,2018/2019,Midfielder,Cardiff City,554,302,252,Cura√ßao,11,6,5,0,0,0,0,0,0,0,0,4,2,2,11,10,1,2,0,0,0,0,0,0,0,1.79,50,50,277,0,0.32,281,309,-1,25
Lee Grant,Lee-412,38,412473600,30343,Premier League,2018/2019,Goalkeeper,Manchester United,0,0,0,England,0,0,0,0,0,0,0,0,0,0,0,0,0,0,0,0,0,0,0,0,0,0,0,0,0,0,0,0,0,0,0,-1,-1,-1,-1
Lee Peltier,Lee-534,34,534643200,31757,Premier League,2018/2019,Defender,Cardiff City,1542,521,1021,England,20,7,13,0,0,0,0,0,0,0,0,6,2,4,21,9,12,4,0,0,0,0,0,0,0,1.23,73,77,386,0,0.23,352,391,72,21
Leighton Baines,Lei-471,36,471571200,31027,Premier League,2018/2019,Defender,Everton,376,141,235,England,6,3,3,0,0,0,0,0,0,0,0,1,0,1,6,2,4,0,0,0,0,0,0,0,0,1.44,63,63,0,0,0,410,287,109,21
Leon Balogun,Leo-583,32,583459200,32322,Premier League,2018/2019,Defender,Brighton & Hove Albion,591,309,282,Nigeria,8,4,4,1,1,0,0,0,0,0,0,0,0,0,9,5,4,2,0,0.15,0,0.15,0.29,0,591,1.37,66,74,296,0,0.3,121,292,97,12
Leonardo Bonatini Lohner Maia,Leo-764,27,764812800,34421,Premier League,2018/2019,Forward,Wolverhampton Wanderers,128,61,67,Brazil,7,4,3,0,0,0,1,0,1,0,0,3,2,1,0,0,0,0,0,0.7,0.7,0,0,0,0,0,0,18,0,128,0,-1,-1,-1,14
Leroy San√©,Ler-821,25,821318400,35075,Premier League,2018/2019,Midfielder,Manchester City,1867,1024,843,Germany,31,16,15,10,5,5,10,6,4,0,0,16,8,8,14,8,6,1,0,0.96,0.48,0.48,0.44,0.53,187,0.67,133,60,1867,187,0.05,19,4,-1,3
Lewis Cass,Lew-951,21,951609600,36583,Premier League,2018/2019,Defender,Newcastle United,0,0,0,England,0,0,0,0,0,0,0,0,0,0,0,0,0,0,0,0,0,0,0,0,0,0,0,0,0,0,0,0,0,0,0,-1,-1,-1,-1
Lewis Cook,Lew-854,24,854928000,35464,Premier League,2018/2019,Midfielder,AFC Bournemouth,721,381,340,England,13,7,6,0,0,0,0,0,0,0,0,3,1,2,10,5,5,2,0,0,0,0,0,0,0,1.25,72,55,361,0,0.25,362,393,-1,24
Lewis Dunk,Lew-690,29,690681600,33563,Premier League,2018/2019,Defender,Brighton & Hove Albion,3153,1550,1603,England,36,18,18,2,0,2,1,0,1,0,0,7,5,2,53,24,29,7,1,0.09,0.03,0.06,0,0.11,1577,1.51,59,88,450,3153,0.2,203,252,120,5
Lo√Øc Damour,Lo√-663,30,663292800,33246,Premier League,2018/2019,Midfielder,Cardiff City,21,4,17,France,2,1,1,0,0,0,0,0,0,0,0,0,0,0,2,0,2,0,0,0,0,0,0,0,0,8.57,11,11,0,0,0,-1,-1,-1,15
Loris Karius,Lor-740,27,740707200,34142,Premier League,2018/2019,Goalkeeper,Liverpool,0,0,0,Germany,0,0,0,0,0,0,0,0,0,0,0,0,0,0,0,0,0,0,0,0,0,0,0,0,0,0,0,0,0,0,0,-1,-1,-1,-1
Luca de la Torre,Luc-895,22,895881600,35938,Premier League,2018/2019,Midfielder,Fulham,0,0,0,USA,0,0,0,0,0,0,0,0,0,0,0,0,0,0,0,0,0,0,0,0,0,0,0,0,0,0,0,0,0,0,0,-1,-1,-1,-1
Lucas Digne,Luc-743,27,743126400,34170,Premier League,2018/2019,Defender,Everton,2990,1511,1479,France,35,17,18,4,2,2,4,2,2,0,0,14,9,5,36,16,20,6,1,0.24,0.12,0.12,0.12,0.12,748,1.08,83,85,427,748,0.21,147,125,42,5
Lucas Perez,Luc-589,32,589852800,32396,Premier League,2018/2019,Forward,West Ham United,468,287,181,Spain,15,10,5,3,3,0,0,0,0,0,0,3,2,1,9,5,4,0,0,0.58,0,0.58,0.94,0,156,1.73,52,31,0,0,0,10,276,-1,6
Lucas Rodrigues Moura da Silva,Luc-713,28,713664000,33829,Premier League,2018/2019,Midfielder,Tottenham Hotspur,2127,1040,1087,Brazil,32,15,17,10,6,4,0,0,0,0,0,12,7,5,16,9,7,3,0,0.42,0,0.42,0.52,0.33,213,0.68,133,66,709,0,0.13,30,279,-1,3
Lucas Torreira,Luc-823,25,823996800,35106,Premier League,2018/2019,Midfielder,Arsenal,2377,1231,1146,Uruguay,34,17,17,2,2,0,2,0,2,0,0,6,5,1,35,10,25,8,1,0.15,0.08,0.08,0.15,0,1189,1.33,68,70,264,1189,0.34,190,174,-1,10
Luciano Vietto,Luc-755,27,755049600,34308,Premier League,2018/2019,Forward,Fulham,983,549,434,Argentina,20,9,11,1,1,0,4,4,0,0,0,1,1,0,21,11,10,1,0,0.46,0.37,0.09,0.16,0,983,1.92,47,49,983,246,0.09,180,11,-1,8
Luka Milivojeviƒá,Luk-670,29,670982400,33335,Premier League,2018/2019,Midfielder,Crystal Palace,3420,1710,1710,Serbia,38,19,19,12,7,5,2,0,2,10,1,12,7,5,47,20,27,10,0,0.37,0.05,0.32,0.37,0.26,285,1.24,73,90,342,1710,0.26,59,210,-1,1
Luke Amos,Luk-856,24,856656000,35484,Premier League,2018/2019,Midfielder,Tottenham Hotspur,2,0,2,England,1,0,1,0,0,0,0,0,0,0,0,0,0,0,0,0,0,0,0,0,0,0,0,0,0,0,0,2,0,0,0,-1,-1,-1,23
Luke Dreher,Luk-912,22,912124800,36126,Premier League,2018/2019,Midfielder,Crystal Palace,0,0,0,England,1,1,0,0,0,0,0,0,0,0,0,0,0,0,0,0,0,0,0,0,0,0,0,0,0,0,0,0,0,0,0,-1,-1,-1,-1
Luke Shaw,Luk-805,25,805507200,34892,Premier League,2018/2019,Defender,Manchester United,2592,1170,1422,England,29,13,16,1,1,0,4,2,2,0,0,6,1,5,36,16,20,11,0,0.17,0.14,0.03,0.08,0,2592,1.25,72,89,236,648,0.38,262,105,77,13
Lys Mousset,Lys-823,25,823737600,35103,Premier League,2018/2019,Forward,AFC Bournemouth,345,96,249,France,24,13,11,1,0,1,0,0,0,0,0,5,4,1,13,4,9,1,0,0.26,0,0.26,0,0.36,345,3.39,27,14,345,0,0.26,75,395,-1,11
Maarten Stekelenburg,Maa-401,38,401500800,30216,Premier League,2018/2019,Goalkeeper,Everton,0,0,0,Netherlands,0,0,0,0,0,0,0,0,0,0,0,0,0,0,0,0,0,0,0,0,0,0,0,0,0,0,0,0,0,0,0,-1,-1,-1,-1
Mamadou Sakho,Mam-634,31,634867200,32917,Premier League,2018/2019,Defender,Crystal Palace,2417,1170,1247,France,27,13,14,0,0,0,0,0,0,0,0,9,5,4,32,10,22,2,0,0,0,0,0,0,0,1.19,76,90,1209,0,0.07,322,403,64,21
Manolo Gabbiadini,Man-691,29,691113600,33568,Premier League,2018/2019,Forward,Southampton,470,253,217,Italy,12,6,6,1,1,0,0,0,0,0,0,3,2,1,11,3,8,0,0,0.19,0,0.19,0.36,0,470,2.11,43,39,0,0,0,100,357,-1,12
Manuel Lanzini,Man-729,28,729734400,34015,Premier League,2018/2019,Midfielder,West Ham United,688,367,321,Argentina,10,5,5,1,0,1,1,0,1,0,0,2,2,0,11,5,6,2,0,0.26,0.13,0.13,0,0.28,688,1.44,63,69,344,688,0.26,130,111,-1,12
Marc Albrighton,Mar-627,31,627350400,32830,Premier League,2018/2019,Midfielder,Leicester City,1626,797,829,England,27,14,13,2,1,1,2,1,1,0,0,9,5,4,17,8,9,3,0,0.22,0.11,0.11,0.11,0.11,813,0.94,96,60,542,813,0.17,156,140,-1,8
Marc Guehi,Mar-963,20,963446400,36720,Premier League,2018/2019,Defender,Chelsea,0,0,0,England,0,0,0,0,0,0,0,0,0,0,0,0,0,0,0,0,0,0,0,0,0,0,0,0,0,0,0,0,0,0,0,-1,-1,-1,-1
Marc Navarro Ceciliano,Mar-804,25,804643200,34882,Premier League,2018/2019,Defender,Watford,84,0,84,Spain,2,0,2,0,0,0,0,0,0,0,0,0,0,0,2,0,2,0,0,0,0,0,0,0,0,2.14,42,42,0,0,0,-1,-1,-1,15
Marc Pugh,Mar-544,34,544320000,31869,Premier League,2018/2019,Midfielder,AFC Bournemouth,0,0,0,England,0,0,0,0,0,0,0,0,0,0,0,0,0,0,0,0,0,0,0,0,0,0,0,0,0,0,0,0,0,0,0,-1,-1,-1,-1
Marcos Alonso,Mar-662,30,662342400,33235,Premier League,2018/2019,Defender,Chelsea,2761,1338,1423,Spain,31,15,16,2,1,1,4,3,1,0,0,14,8,6,28,9,19,6,0,0.2,0.13,0.07,0.07,0.06,1381,0.91,99,89,460,690,0.2,191,112,22,10
Marcus Bettinelli,Mar-706,28,706665600,33748,Premier League,2018/2019,Goalkeeper,Fulham,630,270,360,England,7,3,4,0,0,0,0,0,0,0,0,0,0,0,19,7,12,1,0,0,0,0,0,0,0,2.71,33,90,630,0,0.14,296,283,174,14
Marcus Rashford,Mar-878,23,878256000,35734,Premier League,2018/2019,Forward,Manchester United,2362,1293,1069,England,33,17,16,10,4,6,6,3,3,0,0,6,2,4,34,17,17,4,1,0.61,0.23,0.38,0.28,0.51,236,1.3,69,72,472,394,0.19,41,52,-1,3
Mario Lemina,Mar-746,27,746841600,34213,Premier League,2018/2019,Midfielder,Southampton,1615,763,852,Gabon,21,9,12,1,0,1,1,0,1,0,0,4,2,2,32,12,20,5,0,0.11,0.06,0.06,0,0.11,1615,1.78,50,77,323,1615,0.28,211,195,-1,10
Mark Noble,Mar-547,33,547430400,31905,Premier League,2018/2019,Midfielder,West Ham United,2308,1147,1161,England,31,15,16,5,2,3,5,4,1,4,0,7,4,3,29,12,17,7,1,0.39,0.19,0.19,0.16,0.23,462,1.13,80,74,289,462,0.31,96,70,-1,5
Mark Travers,Mar-926,21,926985600,36298,Premier League,2018/2019,Goalkeeper,AFC Bournemouth,180,90,90,Republic of Ireland,2,1,1,0,0,0,0,0,0,0,0,1,1,0,5,0,5,0,0,0,0,0,0,0,0,2.5,36,90,0,0,0,-1,-1,-1,28
Marko Arnautoviƒá,Mar-608,31,608947200,32617,Premier League,2018/2019,Forward,West Ham United,2000,1083,917,Austria,28,15,13,10,7,3,4,1,3,1,0,5,3,2,31,17,14,3,0,0.63,0.18,0.45,0.58,0.29,200,1.4,65,71,667,500,0.14,26,76,-1,1
Markus Suttner,Mar-545,33,545529600,31883,Premier League,2018/2019,Defender,Brighton & Hove Albion,0,0,0,Austria,0,0,0,0,0,0,0,0,0,0,0,0,0,0,0,0,0,0,0,0,0,0,0,0,0,0,0,0,0,0,0,-1,-1,-1,-1
Marouane Fellaini,Mar-564,33,564537600,32103,Premier League,2018/2019,Midfielder,Manchester United,744,217,527,Belgium,14,6,8,0,0,0,1,0,1,0,0,2,1,1,13,2,11,1,0,0.12,0.12,0,0,0,0,1.57,57,53,744,744,0.12,341,129,-1,22
Martin D√∫bravka,Mar-600,32,600825600,32523,Premier League,2018/2019,Goalkeeper,Newcastle United,3420,1710,1710,Slovakia,38,19,19,0,0,0,0,0,0,0,0,11,5,6,44,23,21,1,0,0,0,0,0,0,0,1.16,78,90,3420,0,0.03,345,317,58,18
Martin Kelly,Mar-641,30,641174400,32990,Premier League,2018/2019,Defender,Crystal Palace,1110,660,450,England,13,8,5,0,0,0,0,0,0,0,0,3,2,1,18,11,7,2,0,0,0,0,0,0,0,1.46,62,85,555,0,0.16,326,350,110,18
Mart√≠n Montoya,Mar-671,29,671587200,33342,Premier League,2018/2019,Defender,Brighton & Hove Albion,2166,1176,990,Spain,25,14,11,0,0,0,1,0,1,0,0,3,3,0,38,18,20,4,0,0.04,0.04,0,0,0,0,1.58,57,87,542,2166,0.17,294,229,128,13
Mason Greenwood,Mas-100,19,1001894400,37165,Premier League,2018/2019,Midfielder,Manchester United,115,105,10,England,3,2,1,0,0,0,0,0,0,0,0,0,0,0,2,2,0,0,0,0,0,0,0,0,0,1.57,58,38,0,0,0,-1,-1,-1,27
Mason Holgate,Mas-845,24,845942400,35360,Premier League,2018/2019,Defender,Everton,407,270,137,England,5,3,2,0,0,0,0,0,0,0,0,0,0,0,9,5,4,1,0,0,0,0,0,0,0,1.99,45,81,407,0,0.22,414,390,160,16
Matƒõj Vydra,Mat-704,28,704678400,33725,Premier League,2018/2019,Forward,Burnley,311,91,220,Czech Republic,13,6,7,1,1,0,1,0,1,0,0,1,1,0,4,0,4,1,0,0.58,0.29,0.29,0.99,0,311,1.16,78,24,311,311,0.29,66,23,-1,12
Mateo Kovaƒçiƒá,Mat-768,26,768182400,34460,Premier League,2018/2019,Midfielder,Chelsea,1743,968,775,Croatia,32,17,15,0,0,0,2,1,1,0,0,12,8,4,18,4,14,3,0,0.1,0.1,0,0,0,0,0.93,97,54,581,872,0.15,291,150,-1,20
Mathew Ryan,Mat-702,28,702691200,33702,Premier League,2018/2019,Goalkeeper,Brighton & Hove Albion,3060,1530,1530,Australia,34,17,17,0,0,0,0,0,0,0,0,6,4,2,52,25,27,2,0,0,0,0,0,0,0,1.53,59,90,1530,0,0.06,398,389,122,15
Mathias Jattah-Njie J√∏rgensen,Mat-640,30,640828800,32986,Premier League,2018/2019,Defender,Huddersfield Town,2148,1248,900,Denmark,24,14,10,3,1,2,1,0,1,0,0,3,2,1,37,21,16,6,0,0.17,0.04,0.13,0.07,0.2,716,1.55,58,90,358,2148,0.25,129,235,125,2
Matt Butcher,Mat-863,23,863568000,35564,Premier League,2018/2019,Midfielder,AFC Bournemouth,0,0,0,England,0,0,0,0,0,0,0,0,0,0,0,0,0,0,0,0,0,0,0,0,0,0,0,0,0,0,0,0,0,0,0,-1,-1,-1,-1
Matt Doherty,Mat-695,29,695520000,33619,Premier League,2018/2019,Defender,Wolverhampton Wanderers,3147,1557,1590,Republic of Ireland,38,19,19,4,1,3,5,4,1,0,0,9,7,2,38,18,20,5,0,0.26,0.14,0.11,0.06,0.17,787,1.09,83,83,629,629,0.14,155,100,46,5
Matt Ritchie,Mat-621,31,621388800,32761,Premier League,2018/2019,Midfielder,Newcastle United,2940,1557,1383,Scotland,36,19,17,2,1,1,8,2,6,1,1,11,5,6,37,21,16,9,0,0.31,0.24,0.06,0.06,0.07,1470,1.13,79,82,327,368,0.28,216,46,-1,6
Matt Targett,Mat-811,25,811382400,34960,Premier League,2018/2019,Defender,Southampton,1185,483,702,England,16,7,9,1,1,0,3,2,1,0,0,1,0,1,24,10,14,2,0,0.3,0.23,0.08,0.19,0,1185,1.82,49,74,593,395,0.15,183,51,151,11
Matteo Darmian,Mat-628,31,628560000,32844,Premier League,2018/2019,Defender,Manchester United,443,353,90,Italy,6,5,1,0,0,0,0,0,0,0,0,1,1,0,7,4,3,0,0,0,0,0,0,0,0,1.42,63,74,0,0,0,411,280,102,25
Matt√©o Guendouzi Oli√©,Mat-924,21,924048000,36264,Premier League,2018/2019,Midfielder,Arsenal,2143,971,1172,France,33,14,19,0,0,0,0,0,0,0,0,4,3,1,28,9,19,9,0,0,0,0,0,0,0,1.18,77,65,238,0,0.38,386,405,-1,26
Matthew Connolly,Mat-559,33,559440000,32044,Premier League,2018/2019,Defender,Cardiff City,0,0,0,England,0,0,0,0,0,0,0,0,0,0,0,0,0,0,0,0,0,0,0,0,0,0,0,0,0,0,0,0,0,0,0,-1,-1,-1,-1
Matthew Lowton,Mat-613,31,613353600,32668,Premier League,2018/2019,Defender,Burnley,1748,810,938,England,21,9,12,0,0,0,0,0,0,0,0,4,2,2,35,16,19,7,0,0,0,0,0,0,0,1.8,50,83,250,0,0.36,378,342,150,22
Matty Daly,Mat-984,20,984182400,36960,Premier League,2018/2019,Midfielder,Huddersfield Town,73,49,24,England,2,1,1,0,0,0,0,0,0,0,0,0,0,0,1,1,0,0,0,0,0,0,0,0,0,1.23,73,37,0,0,0,-1,-1,-1,18
Max Harrison Sanders,Max-915,22,915408000,36164,Premier League,2018/2019,Midfielder,Brighton & Hove Albion,0,0,0,England,0,0,0,0,0,0,0,0,0,0,0,0,0,0,0,0,0,0,0,0,0,0,0,0,0,0,0,0,0,0,0,-1,-1,-1,-1
Max Kilman,Max-864,23,864345600,35573,Premier League,2018/2019,Defender,Wolverhampton Wanderers,0,0,0,England,1,1,0,0,0,0,0,0,0,0,0,1,1,0,0,0,0,0,0,0,0,0,0,0,0,0,0,0,0,0,0,-1,-1,-1,-1
Max Meyer,Max-811,25,811382400,34960,Premier League,2018/2019,Midfielder,Crystal Palace,1414,718,696,Germany,29,18,11,1,0,1,2,0,2,0,0,8,7,1,19,5,14,3,0,0.19,0.13,0.06,0,0.13,1414,1.21,74,49,471,707,0.19,209,110,-1,8
Maxime Le Marchand,Max-624,31,624067200,32792,Premier League,2018/2019,Defender,Fulham,2251,1171,1080,France,26,14,12,0,0,0,1,1,0,0,0,4,3,1,50,23,27,5,0,0.04,0.04,0,0,0,0,2,45,87,450,2251,0.2,314,219,162,23
Maya Yoshida,May-588,32,588384000,32379,Premier League,2018/2019,Defender,Southampton,1520,800,720,Japan,17,9,8,0,0,0,1,1,0,0,0,3,1,2,27,14,13,0,0,0.06,0.06,0,0,0,0,1.6,56,89,0,1520,0,308,192,133,23
Mesut √ñzil,Mes-592,32,592876800,32431,Premier League,2018/2019,Midfielder,Arsenal,1741,1139,602,Germany,24,14,10,5,4,1,2,2,0,0,0,6,5,1,23,11,12,2,0,0.36,0.1,0.26,0.32,0.15,348,1.19,76,73,871,871,0.1,73,151,-1,4
Michael Keane,Mic-726,28,726710400,33980,Premier League,2018/2019,Defender,Everton,2970,1350,1620,England,33,15,18,1,0,1,2,1,1,0,0,13,8,5,37,15,22,2,0,0.09,0.06,0.03,0,0.06,2970,1.12,80,90,1485,1485,0.06,251,196,49,10
Michael Obafemi,Mic-962,20,962841600,36713,Premier League,2018/2019,Forward,Southampton,134,64,70,Republic of Ireland,6,2,4,1,0,1,1,1,0,0,0,0,0,0,2,2,0,1,0,1.34,0.67,0.67,0,1.29,134,1.34,67,22,134,134,0.67,-1,-1,-1,16
Michail Antonio,Mic-638,31,638582400,32960,Premier League,2018/2019,Midfielder,West Ham United,2099,998,1101,England,33,16,17,6,4,2,4,2,2,0,0,5,3,2,26,10,16,3,0,0.43,0.17,0.26,0.36,0.16,350,1.11,81,64,700,525,0.13,77,85,-1,4
Michel Vorm,Mic-435,37,435456000,30609,Premier League,2018/2019,Goalkeeper,Tottenham Hotspur,180,90,90,Netherlands,2,1,1,0,0,0,0,0,0,0,0,0,0,0,4,2,2,0,0,0,0,0,0,0,0,2,45,90,0,0,0,-1,-1,-1,22
Michy Batshuayi,Mic-749,27,749520000,34244,Premier League,2018/2019,Forward,Crystal Palace,756,368,388,Belgium,11,6,5,5,2,3,0,0,0,0,0,3,2,1,11,7,4,0,0,0.6,0,0.6,0.49,0.7,151,1.31,69,69,0,0,0,8,307,-1,4
Miguel √Ångel Almir√≥n Rejala,Mig-760,27,760838400,34375,Premier League,2018/2019,Midfielder,Newcastle United,763,405,358,Paraguay,10,5,5,0,0,0,0,0,0,0,0,3,2,1,10,4,6,0,0,0,0,0,0,0,0,1.18,76,76,0,0,0,282,311,-1,24
Miguel √Ångel Britos Cabrera,Mig-490,35,490406400,31245,Premier League,2018/2019,Defender,Watford,185,13,172,Uruguay,3,1,2,0,0,0,0,0,0,0,0,1,1,0,5,0,5,0,0,0,0,0,0,0,0,2.43,37,62,0,0,0,-1,-1,-1,25
Mohamed Diam√©,Moh-550,33,550627200,31942,Premier League,2018/2019,Midfielder,Newcastle United,2165,960,1205,Senegal,29,13,16,0,0,0,0,0,0,0,0,9,3,6,28,13,15,3,0,0,0,0,0,0,0,1.16,77,75,722,0,0.12,348,267,-1,21
Mohamed Elneny,Moh-710,28,710812800,33796,Premier League,2018/2019,Midfielder,Arsenal,381,214,167,Egypt,8,5,3,0,0,0,0,0,0,0,0,2,2,0,4,2,2,0,0,0,0,0,0,0,0,0.94,95,48,0,0,0,388,409,-1,21
Mohamed Elyounoussi,Moh-775,26,775958400,34550,Premier League,2018/2019,Midfielder,Southampton,790,393,397,Norway,16,8,8,0,0,0,0,0,0,0,0,4,2,2,8,5,3,0,0,0,0,0,0,0,0,0.91,99,49,0,0,0,375,368,-1,26
Mohamed Salah,Moh-708,28,708566400,33770,Premier League,2018/2019,Forward,Liverpool,3262,1692,1570,Egypt,38,19,19,22,13,9,8,5,3,3,0,21,12,9,18,8,10,1,0,0.83,0.22,0.61,0.69,0.52,148,0.5,181,86,3262,408,0.03,7,57,-1,2
Morgan Gibbs-White,Mor-948,21,948931200,36552,Premier League,2018/2019,Midfielder,Wolverhampton Wanderers,647,426,221,England,26,13,13,0,0,0,1,1,0,0,0,5,5,0,9,5,4,1,0,0.14,0.14,0,0,0,0,1.25,72,25,647,647,0.14,408,107,-1,16
Morgan Schneiderlin,Mor-626,31,626486400,32820,Premier League,2018/2019,Midfielder,Everton,833,473,360,France,14,9,5,0,0,0,1,1,0,0,0,7,5,2,9,5,4,2,0,0.11,0.11,0,0,0,0,0.97,93,60,417,833,0.22,412,138,-1,20
Moussa Dembele,Mou-553,33,553392000,31974,Premier League,2018/2019,Midfielder,Tottenham Hotspur,516,161,355,Belgium,10,3,7,0,0,0,0,0,0,0,0,3,0,3,5,3,2,1,0,0,0,0,0,0,0,0.87,103,52,516,0,0.17,355,277,-1,24
Moussa Sissoko,Mou-619,31,619228800,32736,Premier League,2018/2019,Midfielder,Tottenham Hotspur,2336,1187,1149,France,29,15,14,0,0,0,3,2,1,0,0,11,6,5,26,10,16,2,0,0.12,0.12,0,0,0,0,1,90,81,1168,779,0.08,354,131,-1,25
N'Golo Kant√©,N'G-670,30,670204800,33326,Premier League,2018/2019,Midfielder,Chelsea,3096,1579,1517,France,36,19,17,4,2,2,4,3,1,0,0,15,10,5,37,12,25,3,0,0.23,0.12,0.12,0.11,0.12,774,1.08,84,86,1032,774,0.09,141,126,-1,6
Naby Deco Ke√Øta,Nab-792,26,792374400,34740,Premier League,2018/2019,Midfielder,Liverpool,1392,729,663,Guinea,25,14,11,2,1,1,1,1,0,0,0,15,10,5,7,4,3,0,0,0.19,0.06,0.13,0.12,0.14,696,0.45,199,56,0,1392,0,138,190,-1,9
Nacho Monreal,Nac-509,35,509760000,31469,Premier League,2018/2019,Defender,Arsenal,1861,781,1080,Spain,22,10,12,1,1,0,3,0,3,0,0,6,5,1,21,3,18,5,0,0.19,0.15,0.05,0.12,0,1861,1.02,89,85,372,620,0.24,222,98,37,11
Nampalys Mendy,Nam-709,28,709257600,33778,Premier League,2018/2019,Midfielder,Leicester City,2088,1006,1082,France,31,16,15,0,0,0,0,0,0,0,0,9,5,4,26,11,15,5,0,0,0,0,0,0,0,1.12,80,67,418,0,0.22,271,397,-1,18
Nathan Ak√©,Nat-793,26,793065600,34748,Premier League,2018/2019,Defender,AFC Bournemouth,3412,1710,1702,Netherlands,38,19,19,4,3,1,0,0,0,0,0,10,6,4,66,23,43,3,0,0.11,0,0.11,0.16,0.05,853,1.74,52,90,1137,0,0.08,150,337,148,5
Nathan Holland,Nat-898,22,898214400,35965,Premier League,2018/2019,Midfielder,West Ham United,0,0,0,England,0,0,0,0,0,0,0,0,0,0,0,0,0,0,0,0,0,0,0,0,0,0,0,0,0,0,0,0,0,0,0,-1,-1,-1,-1
Nathan Redmond,Nat-762,27,762912000,34399,Premier League,2018/2019,Midfielder,Southampton,3276,1633,1643,England,38,19,19,6,4,2,4,2,2,0,0,7,3,4,53,22,31,3,0,0.27,0.11,0.16,0.22,0.11,546,1.46,62,86,1092,819,0.08,116,137,-1,3
Nathaniel Chalobah,Nat-787,26,787190400,34680,Premier League,2018/2019,Midfielder,Watford,266,67,199,England,9,3,6,0,0,0,0,0,0,0,0,1,1,0,5,2,3,2,0,0,0,0,0,0,0,1.69,53,30,133,0,0.68,-1,-1,-1,19
Nathaniel Clyne,Nat-670,30,670809600,33333,Premier League,2018/2019,Defender,AFC Bournemouth,1254,684,570,England,18,10,8,0,0,0,1,0,1,0,0,6,4,2,24,6,18,2,0,0.07,0.07,0,0,0,0,1.72,52,70,627,1254,0.14,392,180,146,22
Nathaniel Mendez-Laing,Nat-703,28,703296000,33709,Premier League,2018/2019,Midfielder,Cardiff City,984,442,542,England,20,9,11,4,0,4,1,1,0,1,0,6,3,3,15,8,7,0,0,0.46,0.09,0.37,0,0.66,246,1.37,66,49,0,984,0,46,159,-1,5
Neeskens Kebano,Nee-700,29,700185600,33673,Premier League,2018/2019,Midfielder,Fulham,103,74,29,Congo DR,7,5,2,0,0,0,0,0,0,0,0,0,0,0,1,0,1,0,0,0,0,0,0,0,0,0.87,103,15,0,0,0,-1,-1,-1,18
Neil Leonard Dula Etheridge,Nei-634,31,634348800,32911,Premier League,2018/2019,Goalkeeper,Cardiff City,3420,1710,1710,Philippines,38,19,19,0,0,0,0,0,0,0,0,10,5,5,61,34,27,2,0,0,0,0,0,0,0,1.61,56,90,1710,0,0.05,363,392,134,17
Nemanja Matiƒá,Nem-586,32,586396800,32356,Premier League,2018/2019,Midfielder,Manchester United,2441,1051,1390,Serbia,28,12,16,1,1,0,0,0,0,0,0,6,1,5,35,14,21,8,1,0.04,0,0.04,0.09,0,2441,1.29,70,87,305,0,0.29,239,257,-1,11
Nicolas Otamendi,Nic-571,33,571622400,32185,Premier League,2018/2019,Defender,Manchester City,1233,682,551,Argentina,18,9,9,0,0,0,0,0,0,0,0,10,3,7,7,6,1,1,0,0,0,0,0,0,0,0.51,176,69,1233,0,0.07,273,385,4,16
Nikola Tavares,Nik-916,22,916531200,36177,Premier League,2018/2019,Defender,Crystal Palace,0,0,0,England,0,0,0,0,0,0,0,0,0,0,0,0,0,0,0,0,0,0,0,0,0,0,0,0,0,0,0,0,0,0,0,-1,-1,-1,-1
Nnamdi Ofoborh,Nna-941,21,941932800,36471,Premier League,2018/2019,Midfielder,AFC Bournemouth,0,0,0,England,0,0,0,0,0,0,0,0,0,0,0,0,0,0,0,0,0,0,0,0,0,0,0,0,0,0,0,0,0,0,0,-1,-1,-1,-1
Oleksandr Zinchenko,Ole-850,24,850608000,35414,Premier League,2018/2019,Midfielder,Manchester City,1153,613,540,Ukraine,14,8,6,0,0,0,3,2,1,0,0,10,6,4,4,2,2,1,0,0.23,0.23,0,0,0,0,0.31,288,82,1153,384,0.08,284,50,-1,20
Oliver Skipp,Oli-969,20,969062400,36785,Premier League,2018/2019,Midfielder,Tottenham Hotspur,216,191,25,England,8,6,2,0,0,0,0,0,0,0,0,4,3,1,0,0,0,0,0,0,0,0,0,0,0,0,0,27,0,0,0,-1,-1,-1,16
Olivier Giroud,Oli-528,34,528422400,31685,Premier League,2018/2019,Forward,Chelsea,832,446,386,France,27,14,13,2,1,1,4,3,1,0,0,12,7,5,4,1,3,1,0,0.65,0.43,0.22,0.2,0.23,416,0.43,208,31,832,208,0.11,86,7,-1,12
Onyinye Wilfred Ndidi,Ony-850,24,850694400,35415,Premier League,2018/2019,Midfielder,Leicester City,3299,1624,1675,Nigeria,38,19,19,2,2,0,0,0,0,0,0,10,6,4,42,18,24,8,0,0.05,0,0.05,0.11,0,1650,1.15,79,87,412,0,0.22,218,332,-1,9
Oriol Romeu,Ori-685,29,685670400,33505,Premier League,2018/2019,Midfielder,Southampton,2140,1110,1030,Spain,31,16,15,1,1,0,0,0,0,0,0,6,3,3,32,16,16,11,0,0.04,0,0.04,0.08,0,2140,1.35,67,69,195,0,0.46,244,371,-1,9
Oumar Niasse,Oum-640,30,640396800,32981,Premier League,2018/2019,Forward,Cardiff City,998,435,563,Senegal,18,8,10,0,0,0,0,0,0,0,0,3,2,1,12,5,7,0,0,0,0,0,0,0,0,1.08,83,55,0,0,0,415,388,-1,13
Pablo Zabaleta,Pab-474,36,474681600,31063,Premier League,2018/2019,Defender,West Ham United,2092,1216,876,Argentina,26,14,12,0,0,0,1,1,0,0,0,4,2,2,32,22,10,4,0,0.04,0.04,0,0,0,0,1.38,65,80,523,2092,0.17,370,223,99,23
Pape N'Diaye Souar√©,Pap-644,30,644630400,33030,Premier League,2018/2019,Defender,Crystal Palace,0,0,0,Senegal,1,0,1,0,0,0,0,0,0,0,0,1,0,1,0,0,0,0,0,0,0,0,0,0,0,0,0,0,0,0,0,-1,-1,-1,-1
Pascal Gro√ü,Pas-676,29,676944000,33404,Premier League,2018/2019,Midfielder,Brighton & Hove Albion,1878,993,885,Germany,25,13,12,3,2,1,3,1,2,1,1,3,2,1,31,16,15,1,0,0.29,0.14,0.14,0.18,0.1,626,1.49,61,75,1878,626,0.05,126,104,-1,4
Patrick van Aanholt,Pat-651,30,651888000,33114,Premier League,2018/2019,Defender,Crystal Palace,3198,1703,1495,Netherlands,36,19,17,3,2,1,2,0,2,0,0,12,7,5,41,19,22,3,0,0.14,0.06,0.08,0.11,0.06,1066,1.15,78,89,1066,1599,0.08,184,199,53,6
Paul Dummett,Pau-685,29,685843200,33507,Premier League,2018/2019,Defender,Newcastle United,1986,979,1007,Wales,26,13,13,0,0,0,0,0,0,0,0,9,3,6,27,15,12,1,0,0,0,0,0,0,0,1.22,74,76,1986,0,0.05,347,269,69,22
Paul Pogba,Pau-732,28,732153600,34043,Premier League,2018/2019,Midfielder,Manchester United,3011,1517,1494,France,35,18,17,13,10,3,9,4,5,7,3,7,2,5,41,20,21,6,0,0.66,0.27,0.39,0.59,0.18,232,1.23,73,86,502,335,0.18,37,30,-1,1
Paulo Dino Gazzaniga,Pau-694,29,694310400,33605,Premier League,2018/2019,Goalkeeper,Tottenham Hotspur,270,0,270,Argentina,3,0,3,0,0,0,0,0,0,0,0,1,0,1,1,0,1,0,0,0,0,0,0,0,0,0.33,270,90,0,0,0,-1,-1,-1,15
Pedro Obiang,Ped-701,29,701654400,33690,Premier League,2018/2019,Midfielder,West Ham United,1121,609,512,Equatorial Guinea,24,13,11,0,0,0,1,0,1,0,0,7,4,3,17,9,8,0,0,0.08,0.08,0,0,0,0,1.36,66,47,0,1121,0,371,168,-1,22
Pedro Rodriguez,Ped-554,33,554428800,31986,Premier League,2018/2019,Midfielder,Chelsea,1780,958,822,Spain,31,15,16,8,6,2,2,2,0,0,0,11,7,4,18,7,11,2,0,0.51,0.1,0.4,0.56,0.22,223,0.91,99,57,890,890,0.1,35,144,-1,2
Peter Crouch,Pet-349,40,349660800,29616,Premier League,2018/2019,Forward,Burnley,86,56,30,England,6,4,2,0,0,0,0,0,0,0,0,0,0,0,0,0,0,1,0,0,0,0,0,0,0,0,0,14,86,0,1.05,-1,-1,-1,23
Petr ƒåech,Pet-390,38,390700800,30091,Premier League,2018/2019,Goalkeeper,Arsenal,585,315,270,Czech Republic,7,4,3,0,0,0,0,0,0,0,0,2,2,0,8,3,5,0,0,0,0,0,0,0,0,1.23,73,84,0,0,0,384,377,71,20
Phil Bardsley,Phi-488,35,488764800,31226,Premier League,2018/2019,Defender,Burnley,1672,900,772,Scotland,19,10,9,0,0,0,0,0,0,0,0,4,3,1,22,11,11,9,0,0,0,0,0,0,0,1.18,76,88,186,0,0.48,383,355,62,17
Phil Jagielka,Phi-398,38,398390400,30180,Premier League,2018/2019,Defender,Everton,329,95,234,England,7,3,4,1,1,0,0,0,0,0,0,5,3,2,2,0,2,1,1,0.27,0,0.27,0.95,0,329,0.55,165,47,165,0,0.55,71,272,9,13
Phil Jones,Phi-698,29,698630400,33655,Premier League,2018/2019,Defender,Manchester United,1263,652,611,England,18,9,9,0,0,0,1,0,1,0,0,4,0,4,16,9,7,1,0,0.07,0.07,0,0,0,0,1.14,79,70,1263,1263,0.07,299,189,51,24
Philip Billing,Phi-834,24,834451200,35227,Premier League,2018/2019,Midfielder,Huddersfield Town,2192,1106,1086,Denmark,27,13,14,2,1,1,0,0,0,0,0,5,3,2,41,17,24,7,0,0.08,0,0.08,0.08,0.08,1096,1.68,53,81,313,0,0.29,185,372,-1,4
Philip Foden,Phi-959,20,959472000,36674,Premier League,2018/2019,Midfielder,Manchester City,327,279,48,England,13,10,3,1,1,0,0,0,0,0,0,8,6,2,0,0,0,0,0,0.28,0,0.28,0.32,0,327,0,0,25,0,0,0,67,386,-1,11
Philippe Sandler,Phi-855,24,855532800,35471,Premier League,2018/2019,Defender,Manchester City,0,0,0,Netherlands,0,0,0,0,0,0,0,0,0,0,0,0,0,0,0,0,0,0,0,0,0,0,0,0,0,0,0,0,0,0,0,-1,-1,-1,-1
Pierre-Emerick Aubameyang,Pie-614,31,614131200,32677,Premier League,2018/2019,Forward,Arsenal,2731,1418,1313,Gabon,36,19,17,22,13,9,5,4,1,4,1,8,7,1,40,14,26,0,0,0.89,0.16,0.73,0.83,0.62,124,1.32,68,76,0,546,0,3,88,-1,1
Pierre-Emile H√∏jbjerg,Pie-807,25,807580800,34916,Premier League,2018/2019,Midfielder,Southampton,2764,1416,1348,Denmark,31,16,15,4,2,2,3,2,1,0,0,4,1,3,52,23,29,10,2,0.23,0.1,0.13,0.13,0.13,691,1.69,53,89,251,921,0.36,136,148,-1,5
Rachid Ghezzal,Rac-705,28,705369600,33733,Premier League,2018/2019,Forward,Leicester City,738,455,283,Algeria,19,12,7,1,1,0,0,0,0,0,0,3,2,1,12,6,6,3,0,0.12,0,0.12,0.2,0,738,1.46,62,39,246,0,0.37,140,322,-1,12
Rafael Euclides Soares Camacho,Raf-958,20,958953600,36668,Premier League,2018/2019,Midfielder,Liverpool,0,0,0,Portugal,1,1,0,0,0,0,0,0,0,0,0,0,0,0,0,0,0,0,0,0,0,0,0,0,0,0,0,0,0,0,0,-1,-1,-1,-1
Raheem Sterling,Rah-786,26,786844800,34676,Premier League,2018/2019,Forward,Manchester City,2777,1256,1521,England,34,16,18,17,12,5,10,6,4,0,0,18,7,11,19,9,10,3,0,0.88,0.32,0.55,0.86,0.3,163,0.62,146,82,926,278,0.1,12,14,-1,2
Rajiv van La Parra,Raj-675,29,675993600,33393,Premier League,2018/2019,Midfielder,Huddersfield Town,407,168,239,Netherlands,5,2,3,0,0,0,0,0,0,0,0,1,1,0,6,1,5,0,0,0,0,0,0,0,0,1.33,68,81,0,0,0,335,396,-1,23
Ramadan Sobhi,Ram-853,24,853977600,35453,Premier League,2018/2019,Forward,Huddersfield Town,75,30,45,Egypt,4,1,3,0,0,0,0,0,0,0,0,0,0,0,1,0,1,0,0,0,0,0,0,0,0,1.2,75,19,0,0,0,-1,-1,-1,20
Ra√∫l Alonso Jim√©nez Rodr√≠guez,Ra√-673,29,673401600,33363,Premier League,2018/2019,Forward,Wolverhampton Wanderers,3124,1648,1476,Mexico,38,19,19,13,8,5,7,4,3,2,0,9,7,2,39,20,19,4,0,0.58,0.2,0.37,0.44,0.3,240,1.12,80,82,781,446,0.12,42,63,-1,1
Rhys Healey,Rhy-786,26,786672000,34674,Premier League,2018/2019,Forward,Cardiff City,49,17,32,England,3,1,2,0,0,0,0,0,0,0,0,1,1,0,1,0,1,0,0,0,0,0,0,0,0,1.84,49,16,0,0,0,-1,-1,-1,14
Ricardo Domingos Barbosa Pereira,Ric-749,27,749865600,34248,Premier League,2018/2019,Defender,Leicester City,3125,1526,1599,Portugal,35,17,18,2,2,0,6,3,3,0,0,10,6,4,40,16,24,7,0,0.23,0.17,0.06,0.12,0,1563,1.15,78,89,446,521,0.2,214,84,52,7
Richarlison de Andrade,Ric-863,23,863222400,35560,Premier League,2018/2019,Forward,Everton,2679,1283,1396,Brazil,35,17,18,13,7,6,1,1,0,0,0,14,9,5,32,15,17,6,1,0.47,0.03,0.44,0.49,0.39,206,1.08,84,77,383,2679,0.24,28,250,-1,1
Riyad Mahrez,Riy-667,30,667094400,33290,Premier League,2018/2019,Midfielder,Manchester City,1339,647,692,Algeria,27,14,13,7,1,6,4,2,2,0,1,13,6,7,9,4,5,0,0,0.74,0.27,0.47,0.14,0.78,191,0.6,149,50,0,335,0,22,32,-1,6
Rob Holding,Rob-811,25,811555200,34962,Premier League,2018/2019,Defender,Arsenal,807,501,306,England,10,6,4,0,0,0,0,0,0,0,0,2,2,0,10,5,5,1,0,0,0,0,0,0,0,1.12,81,81,807,0,0.11,389,411,47,24
Robbie Brady,Rob-695,29,695347200,33617,Premier League,2018/2019,Midfielder,Burnley,715,390,325,Republic of Ireland,16,9,7,0,0,0,1,0,1,0,0,2,1,1,12,8,4,4,1,0.13,0.13,0,0,0,0,1.51,60,45,143,715,0.63,268,108,-1,13
Robert Kenedy Nunes do Nascimento,Rob-823,25,823737600,35103,Premier League,2018/2019,Midfielder,Newcastle United,1344,611,733,Brazil,25,13,12,1,0,1,1,1,0,0,1,8,3,5,17,9,8,1,0,0.13,0.07,0.07,0,0.12,1344,1.14,79,54,1344,1344,0.07,193,184,-1,9
Robert Snodgrass,Rob-557,33,557971200,32027,Premier League,2018/2019,Midfielder,West Ham United,2222,1108,1114,Scotland,33,16,17,2,1,1,5,4,1,0,0,6,3,3,31,16,15,10,0,0.28,0.2,0.08,0.08,0.08,1111,1.26,72,67,222,444,0.41,188,64,-1,8
Roberto Firmino,Rob-686,29,686361600,33513,Premier League,2018/2019,Forward,Liverpool,2620,1347,1273,Brazil,34,16,18,12,7,5,6,3,3,1,0,18,9,9,13,7,6,0,0,0.62,0.21,0.41,0.47,0.35,218,0.45,202,77,0,437,0,32,62,-1,3
Roberto Maximiliano Pereyra,Rob-663,30,663206400,33245,Premier League,2018/2019,Forward,Watford,2825,1467,1358,Argentina,33,17,16,6,5,1,1,0,1,0,0,5,3,2,52,27,25,3,0,0.22,0.03,0.19,0.31,0.07,471,1.66,54,86,942,2825,0.1,97,251,-1,4
Romain Sa√Øss,Rom-638,31,638409600,32958,Premier League,2018/2019,Midfielder,Wolverhampton Wanderers,1144,544,600,Morocco,19,8,11,2,1,1,0,0,0,0,0,4,3,1,16,6,10,7,0,0.16,0,0.16,0.17,0.15,572,1.26,72,60,163,0,0.55,115,264,-1,7
Romelu Lukaku,Rom-737,27,737251200,34102,Premier League,2018/2019,Forward,Manchester United,2130,982,1148,Belgium,32,16,16,12,4,8,0,0,0,0,0,7,2,5,36,14,22,4,0,0.51,0,0.51,0.37,0.63,178,1.52,59,67,533,0,0.17,16,305,-1,2
Rondon,Ron-621,31,621907200,32767,Premier League,2018/2019,Forward,Newcastle United,2609,1343,1266,Venezuela,32,16,16,11,6,5,7,5,2,0,0,10,5,5,29,14,15,1,0,0.62,0.24,0.38,0.4,0.36,237,1,90,82,2609,373,0.03,40,43,-1,2
Ross Barkley,Ros-755,27,755049600,34308,Premier League,2018/2019,Midfielder,Chelsea,1241,432,809,England,27,11,16,3,1,2,5,2,3,0,0,11,5,6,13,5,8,1,0,0.58,0.36,0.22,0.21,0.22,414,0.94,95,46,1241,248,0.07,84,12,-1,7
R√∫ben Diogo Da Silva Neves,R√∫-858,24,858211200,35502,Premier League,2018/2019,Midfielder,Wolverhampton Wanderers,3009,1451,1558,Portugal,35,17,18,4,3,1,3,2,1,2,0,8,6,2,40,19,21,8,0,0.21,0.09,0.12,0.19,0.06,752,1.2,75,86,376,1003,0.24,145,162,-1,3
R√∫ben Gon√ßalo Silva Nascimento Vinagre,R√∫-923,22,923616000,36259,Premier League,2018/2019,Defender,Wolverhampton Wanderers,703,514,189,Portugal,17,12,5,0,0,0,0,0,0,0,0,5,4,1,9,6,3,1,0,0,0,0,0,0,0,1.15,78,41,703,0,0.13,406,323,54,15
Ruben Loftus-Cheek,Rub-822,25,822355200,35087,Premier League,2018/2019,Midfielder,Chelsea,983,507,476,England,24,12,12,6,3,3,2,2,0,0,0,12,9,3,8,2,6,0,0,0.73,0.18,0.55,0.53,0.57,164,0.73,123,41,0,492,0,11,83,-1,3
Rui Pedro dos Santos Patr√≠cio,Rui-571,33,571881600,32188,Premier League,2018/2019,Goalkeeper,Wolverhampton Wanderers,3330,1620,1710,Portugal,37,18,19,0,0,0,0,0,0,0,0,8,6,2,43,20,23,0,0,0,0,0,0,0,0,1.16,77,90,0,0,0,405,328,56,19
Ryan Bennett,Rya-636,31,636681600,32938,Premier League,2018/2019,Defender,Wolverhampton Wanderers,3060,1710,1350,England,34,19,15,1,1,0,0,0,0,0,0,9,7,2,36,20,16,12,0,0.03,0,0.03,0.05,0,3060,1.06,85,90,255,0,0.35,256,304,40,10
Ryan Bertrand,Rya-618,31,618278400,32725,Premier League,2018/2019,Defender,Southampton,2160,1170,990,England,24,13,11,1,1,0,0,0,0,0,0,6,3,3,36,15,21,8,0,0.04,0,0.04,0.08,0,2160,1.5,60,90,270,0,0.33,245,366,117,13
Ryan Fraser,Rya-762,27,762048000,34389,Premier League,2018/2019,Midfielder,AFC Bournemouth,3173,1605,1568,Scotland,38,19,19,7,5,2,14,5,9,0,0,10,6,4,61,23,38,2,0,0.6,0.4,0.2,0.28,0.11,453,1.73,52,84,1587,227,0.06,95,9,-1,3
Ryan Fredericks,Rya-718,28,718675200,33887,Premier League,2018/2019,Midfielder,West Ham United,1085,404,681,England,15,5,10,1,1,0,0,0,0,0,0,3,2,1,13,1,12,5,0,0.08,0,0.08,0.22,0,1085,1.08,83,72,217,0,0.41,189,340,-1,11
Ryan Giles,Rya-948,21,948844800,36551,Premier League,2018/2019,Midfielder,Wolverhampton Wanderers,0,0,0,England,0,0,0,0,0,0,0,0,0,0,0,0,0,0,0,0,0,0,0,0,0,0,0,0,0,0,0,0,0,0,0,-1,-1,-1,-1
Ryan Guno Babel,Rya-535,34,535334400,31765,Premier League,2018/2019,Forward,Fulham,1260,668,592,Netherlands,16,9,7,5,3,2,3,3,0,0,0,3,2,1,24,12,12,3,0,0.57,0.21,0.36,0.4,0.3,252,1.71,53,79,420,420,0.21,47,61,-1,3
Ryan Schofield,Rya-944,21,944870400,36505,Premier League,2018/2019,Goalkeeper,Huddersfield Town,0,0,0,England,0,0,0,0,0,0,0,0,0,0,0,0,0,0,0,0,0,0,0,0,0,0,0,0,0,0,0,0,0,0,0,-1,-1,-1,-1
Ryan Sessegnon,Rya-958,20,958608000,36664,Premier League,2018/2019,Defender,Fulham,2298,1095,1203,England,35,18,17,2,1,1,6,3,3,0,0,4,3,1,58,22,36,0,0,0.31,0.23,0.08,0.08,0.07,1149,2.27,40,66,0,383,0,182,53,168,6
Sadio Man√©,Sad-702,28,702864000,33704,Premier League,2018/2019,Forward,Liverpool,3086,1643,1443,Senegal,36,19,17,22,18,4,1,0,1,0,0,20,12,8,18,8,10,2,0,0.67,0.03,0.64,0.99,0.25,140,0.52,171,86,1543,3086,0.06,4,249,-1,1
Sam Gallagher,Sam-811,25,811123200,34957,Premier League,2018/2019,Forward,Southampton,30,7,23,England,4,1,3,0,0,0,0,0,0,0,0,1,0,1,0,0,0,0,0,0,0,0,0,0,0,0,0,8,0,0,0,-1,-1,-1,17
Sam Surridge,Sam-901,22,901584000,36004,Premier League,2018/2019,Forward,AFC Bournemouth,11,0,11,England,2,0,2,0,0,0,0,0,0,0,0,0,0,0,0,0,0,0,0,0,0,0,0,0,0,0,0,6,0,0,0,-1,-1,-1,15
Sam Vokes,Sam-624,31,624931200,32802,Premier League,2018/2019,Forward,Burnley,913,455,458,Wales,20,10,10,3,2,1,0,0,0,0,0,4,2,2,18,9,9,0,0,0.3,0,0.3,0.4,0.2,304,1.77,51,46,0,0,0,64,351,-1,3
Sam Woods,Sam-905,22,905472000,36049,Premier League,2018/2019,Defender,Crystal Palace,0,0,0,England,0,0,0,0,0,0,0,0,0,0,0,0,0,0,0,0,0,0,0,0,0,0,0,0,0,0,0,0,0,0,0,-1,-1,-1,-1
Samir Nasri,Sam-551,33,551664000,31954,Premier League,2018/2019,Midfielder,West Ham United,246,102,144,France,5,2,3,0,0,0,2,2,0,0,0,1,1,0,2,1,1,0,0,0.73,0.73,0,0,0,0,0.73,123,49,0,123,0,-1,-1,-1,15
Sandro Ramirez,San-805,25,805248000,34889,Premier League,2018/2019,Forward,Everton,0,0,0,Spain,0,0,0,0,0,0,0,0,0,0,0,0,0,0,0,0,0,0,0,0,0,0,0,0,0,0,0,0,0,0,0,-1,-1,-1,-1
Scott Dann,Sco-540,34,540259200,31822,Premier League,2018/2019,Defender,Crystal Palace,660,360,300,England,10,4,6,0,0,0,1,0,1,0,0,3,2,1,7,4,3,1,0,0.14,0.14,0,0,0,0,0.95,94,66,660,660,0.14,276,101,24,14
Scott McTominay,Sco-850,24,850003200,35407,Premier League,2018/2019,Midfielder,Manchester United,861,345,516,England,16,7,9,2,0,2,0,0,0,0,0,3,1,2,17,6,11,1,0,0.21,0,0.21,0,0.35,431,1.78,51,54,861,0,0.1,91,303,-1,8
Sead Kola≈°inac,Sea-740,27,740534400,34140,Premier League,2018/2019,Defender,Arsenal,1891,1127,764,Bosnia and Herzegovina,24,14,10,0,0,0,5,3,2,0,0,5,5,0,26,10,16,5,0,0.24,0.24,0,0,0,0,1.24,73,79,378,378,0.24,285,45,75,22
S√©amus Coleman,S√©-592,32,592531200,32427,Premier League,2018/2019,Defender,Everton,2560,1333,1227,Republic of Ireland,29,15,14,2,2,0,2,0,2,0,0,13,8,5,29,15,14,1,0,0.14,0.07,0.07,0.14,0,1280,1.02,88,88,2560,1280,0.04,197,178,34,8
Sean Longstaff,Sea-878,23,878169600,35733,Premier League,2018/2019,Midfielder,Newcastle United,688,355,333,England,9,4,5,1,1,0,0,0,0,0,0,3,3,0,8,1,7,2,0,0.13,0,0.13,0.25,0,688,1.05,86,76,344,0,0.26,135,263,-1,11
Sean Morrison,Sea-663,30,663292800,33246,Premier League,2018/2019,Defender,Cardiff City,3040,1600,1440,England,34,18,16,1,0,1,3,2,1,0,0,9,4,5,57,34,23,6,0,0.12,0.09,0.03,0,0.06,3040,1.69,53,89,507,1013,0.18,255,164,140,8
Sebastian Pr√∂dl,Seb-551,33,551232000,31949,Premier League,2018/2019,Defender,Watford,13,0,13,Austria,1,0,1,0,0,0,0,0,0,0,0,1,0,1,0,0,0,0,0,0,0,0,0,0,0,0,0,13,0,0,0,-1,-1,-1,22
Serge Aurier,Ser-725,28,725155200,33962,Premier League,2018/2019,Defender,Tottenham Hotspur,564,136,428,C√¥te d'Ivoire,8,2,6,0,0,0,2,0,2,0,0,3,0,3,9,2,7,1,0,0.32,0.32,0,0,0,0,1.44,63,71,564,282,0.16,351,15,108,27
Sergio Aguero,Ser-581,32,581212800,32296,Premier League,2018/2019,Forward,Manchester City,2480,1125,1355,Argentina,33,16,17,21,15,6,8,5,3,2,0,19,8,11,15,8,7,3,0,1.05,0.29,0.76,1.2,0.4,118,0.54,165,75,827,310,0.11,1,28,-1,1
Sergio Germ√°n Romero,Ser-540,34,540950400,31830,Premier League,2018/2019,Goalkeeper,Manchester United,0,0,0,Argentina,0,0,0,0,0,0,0,0,0,0,0,0,0,0,0,0,0,0,0,0,0,0,0,0,0,0,0,0,0,0,0,-1,-1,-1,-1
Sergio Rico,Ser-746,27,746841600,34213,Premier League,2018/2019,Goalkeeper,Fulham,2610,1350,1260,Spain,29,15,14,0,0,0,0,0,0,0,0,5,3,2,53,24,29,1,0,0,0,0,0,0,0,1.83,49,90,2610,0,0.03,320,406,153,21
Shane Duffy,Sha-694,29,694224000,33604,Premier League,2018/2019,Defender,Brighton & Hove Albion,3088,1558,1530,Republic of Ireland,35,18,17,5,2,3,1,1,0,0,0,7,5,2,51,23,28,5,1,0.17,0.03,0.15,0.12,0.18,618,1.49,61,88,515,3088,0.17,123,253,115,2
Shane Long,Sha-538,34,538272000,31799,Premier League,2018/2019,Forward,Southampton,1269,629,640,Republic of Ireland,26,15,11,5,3,2,1,1,0,0,0,5,2,3,20,7,13,3,0,0.43,0.07,0.35,0.43,0.28,254,1.42,63,49,423,1269,0.21,51,182,-1,4
Shinji Okazaki,Shi-513,34,513993600,31518,Premier League,2018/2019,Forward,Leicester City,269,126,143,Japan,21,13,8,0,0,0,1,0,1,0,0,2,2,0,1,0,1,0,0,0.33,0.33,0,0,0,0,0.33,269,13,0,269,0,-1,-1,-1,19
Shkodran Mustafi,Shk-703,28,703468800,33711,Premier League,2018/2019,Defender,Arsenal,2617,1263,1354,Germany,31,15,16,2,0,2,0,0,0,0,0,6,5,1,36,12,24,9,0,0.07,0,0.07,0,0.13,1309,1.24,73,84,291,0,0.31,201,378,74,9
Simon Francis,Sim-477,36,477360000,31094,Premier League,2018/2019,Defender,AFC Bournemouth,1226,675,551,England,17,9,8,0,0,0,2,1,1,0,0,5,3,2,23,11,12,1,0,0.15,0.15,0,0,0,0,1.69,53,72,1226,613,0.07,360,99,138,26
Simon Mignolet,Sim-573,33,573609600,32208,Premier League,2018/2019,Goalkeeper,Liverpool,0,0,0,Belgium,0,0,0,0,0,0,0,0,0,0,0,0,0,0,0,0,0,0,0,0,0,0,0,0,0,0,0,0,0,0,0,-1,-1,-1,-1
Sokratis Papastathopoulos,Sok-581,32,581817600,32303,Premier League,2018/2019,Defender,Arsenal,2199,1119,1080,Greece,25,13,12,1,0,1,2,2,0,0,0,6,6,0,31,9,22,12,0,0.12,0.08,0.04,0,0.08,2199,1.27,71,88,183,1100,0.49,234,173,82,12
Solomon March,Sol-774,26,774662400,34535,Premier League,2018/2019,Midfielder,Brighton & Hove Albion,2473,1153,1320,England,35,16,19,1,1,0,5,1,4,0,0,6,4,2,39,13,26,1,0,0.22,0.18,0.04,0.08,0,2473,1.42,63,71,2473,495,0.04,242,82,-1,11
Souleymane Bamba,Sou-474,36,474422400,31060,Premier League,2018/2019,Defender,Cardiff City,2475,1260,1215,C√¥te d'Ivoire,28,14,14,4,2,2,1,1,0,0,0,7,4,3,46,23,23,7,0,0.18,0.04,0.15,0.14,0.15,619,1.67,54,88,354,2475,0.25,118,222,136,4
Stefan Marius Johansen,Ste-663,30,663292800,33246,Premier League,2018/2019,Midfielder,Fulham,412,130,282,Norway,12,5,7,0,0,0,0,0,0,0,0,0,0,0,11,1,10,4,0,0,0,0,0,0,0,2.4,37,34,103,0,0.87,318,401,-1,24
Stefano Okaka,Ste-618,31,618624000,32729,Premier League,2018/2019,Forward,Watford,22,9,13,Italy,2,1,1,0,0,0,0,0,0,0,0,0,0,0,1,1,0,1,0,0,0,0,0,0,0,4.09,22,11,22,0,4.09,-1,-1,-1,16
Stephan Lichtsteiner,Ste-443,37,443059200,30697,Premier League,2018/2019,Defender,Arsenal,940,408,532,Switzerland,14,7,7,0,0,0,0,0,0,0,0,2,2,0,18,4,14,3,0,0,0,0,0,0,0,1.72,52,67,313,0,0.29,387,407,147,25
Stephen Ward,Ste-493,35,493344000,31279,Premier League,2018/2019,Defender,Burnley,230,74,156,Republic of Ireland,3,1,2,0,0,0,0,0,0,0,0,1,0,1,6,3,3,1,0,0,0,0,0,0,0,2.35,38,77,230,0,0.39,-1,-1,-1,20
Steve Cook,Ste-672,29,672019200,33347,Premier League,2018/2019,Defender,AFC Bournemouth,2787,1350,1437,England,31,15,16,1,0,1,1,0,1,0,0,9,6,3,53,17,36,3,0,0.06,0.03,0.03,0,0.06,2787,1.71,53,90,929,2787,0.1,254,243,145,9
Steve Mouni√©,Ste-780,26,780796800,34606,Premier League,2018/2019,Forward,Huddersfield Town,1777,1009,768,Benin,31,16,15,2,2,0,3,1,2,0,0,5,3,2,34,15,19,2,1,0.25,0.15,0.1,0.18,0,889,1.72,52,57,592,592,0.15,168,90,-1,6
Steven Davis,Ste-473,36,473385600,31048,Premier League,2018/2019,Midfielder,Southampton,96,6,90,Northern Ireland,3,2,1,0,0,0,1,0,1,0,0,0,0,0,3,0,3,0,0,0.94,0.94,0,0,0,0,2.81,32,32,0,96,0,-1,-1,-1,22
Steven Defour,Ste-577,32,577065600,32248,Premier League,2018/2019,Midfielder,Burnley,452,172,280,Belgium,6,2,4,0,0,0,0,0,0,0,0,1,0,1,12,5,7,0,0,0,0,0,0,0,0,2.39,38,75,0,0,0,264,321,-1,14
Stuart Armstrong,Stu-701,29,701913600,33693,Premier League,2018/2019,Midfielder,Southampton,1432,469,963,Scotland,29,11,18,3,1,2,2,1,1,0,0,4,1,3,23,8,15,2,0,0.31,0.13,0.19,0.19,0.19,477,1.45,62,49,716,716,0.13,98,114,-1,6
Sullay Kaikai,Sul-809,25,809395200,34937,Premier League,2018/2019,Midfielder,Crystal Palace,0,0,0,England,0,0,0,0,0,0,0,0,0,0,0,0,0,0,0,0,0,0,0,0,0,0,0,0,0,0,0,0,0,0,0,-1,-1,-1,-1
Sung-Yeung Ki,Sun-601,32,601603200,32532,Premier League,2018/2019,Midfielder,Newcastle United,1302,824,478,South Korea,18,10,8,0,0,0,1,1,0,0,0,5,2,3,18,12,6,2,0,0.07,0.07,0,0,0,0,1.24,72,72,651,1302,0.14,349,179,-1,20
Tahith Chong,Tah-944,21,944265600,36498,Premier League,2018/2019,Forward,Manchester United,36,0,36,Netherlands,2,1,1,0,0,0,0,0,0,0,0,0,0,0,1,0,1,0,0,0,0,0,0,0,0,2.5,36,18,0,0,0,-1,-1,-1,20
Terence Kongolo,Ter-761,27,761184000,34379,Premier League,2018/2019,Defender,Huddersfield Town,2722,1405,1317,Netherlands,32,17,15,1,0,1,1,0,1,0,0,4,3,1,62,27,35,4,0,0.07,0.03,0.03,0,0.07,2722,2.05,44,85,681,2722,0.13,261,236,165,10
Theo Walcott,The-606,32,606009600,32583,Premier League,2018/2019,Forward,Everton,2122,1114,1008,England,37,19,18,5,3,2,2,2,0,0,0,13,9,4,33,18,15,1,0,0.3,0.08,0.21,0.24,0.18,424,1.4,64,57,2122,1061,0.04,90,170,-1,4
Tim Ream,Tim-560,33,560390400,32055,Premier League,2018/2019,Defender,Fulham,2051,943,1108,USA,26,13,13,0,0,0,0,0,0,0,0,5,3,2,47,18,29,1,0,0,0,0,0,0,0,2.06,44,79,2051,0,0.04,265,320,167,12
Timothy Eyoma,Tim-949,21,949104000,36554,Premier League,2018/2019,Defender,Tottenham Hotspur,0,0,0,England,0,0,0,0,0,0,0,0,0,0,0,0,0,0,0,0,0,0,0,0,0,0,0,0,0,0,0,0,0,0,0,-1,-1,-1,-1
Timothy Fosu-Mensah,Tim-883,23,883699200,35797,Premier League,2018/2019,Defender,Fulham,795,499,296,Netherlands,12,6,6,0,0,0,0,0,0,0,0,1,1,0,18,9,9,3,0,0,0,0,0,0,0,2.04,44,66,265,0,0.34,319,408,164,22
Toby Alderweireld,Tob-604,32,604800000,32569,Premier League,2018/2019,Defender,Tottenham Hotspur,2924,1549,1375,Belgium,34,18,16,0,0,0,0,0,0,0,0,12,6,6,28,15,13,3,0,0,0,0,0,0,0,0.86,104,86,975,0,0.09,356,275,20,20
Tom Cairney,Tom-664,30,664329600,33258,Premier League,2018/2019,Midfielder,Fulham,2198,1107,1091,Scotland,31,16,15,1,1,0,1,1,0,0,0,4,3,1,49,21,28,0,0,0.08,0.04,0.04,0.08,0,2198,2.01,45,71,0,2198,0,238,217,-1,10
Tom Cleverley,Tom-618,31,618883200,32732,Premier League,2018/2019,Midfielder,Watford,470,102,368,England,13,4,9,1,0,1,0,0,0,0,0,4,2,2,7,0,7,2,0,0.19,0,0.19,0,0.24,470,1.34,67,36,235,0,0.38,99,298,-1,11
Tom Davies,Tom-899,22,899164800,35976,Premier League,2018/2019,Midfielder,Everton,975,520,455,England,16,8,8,0,0,0,0,0,0,0,0,5,3,2,18,12,6,3,0,0,0,0,0,0,0,1.66,54,61,325,0,0.28,416,380,-1,18
Tom Heaton,Tom-513,34,513907200,31517,Premier League,2018/2019,Goalkeeper,Burnley,1710,900,810,England,19,10,9,0,0,0,0,0,0,0,0,4,3,1,23,10,13,3,0,0,0,0,0,0,0,1.21,74,90,570,0,0.16,382,354,68,18
Tom Smith,Tom-703,28,703209600,33708,Premier League,2018/2019,Defender,Huddersfield Town,1141,431,710,England,15,6,9,0,0,0,0,0,0,0,0,1,0,1,34,12,22,3,1,0,0,0,0,0,0,2.68,34,76,285,0,0.32,334,360,173,24
Trent Alexander-Arnold,Tre-907,22,907718400,36075,Premier League,2018/2019,Defender,Liverpool,2467,1266,1201,England,29,15,14,1,0,1,12,8,4,0,0,16,11,5,14,4,10,3,0,0.47,0.44,0.04,0,0.07,2467,0.51,176,85,822,206,0.11,233,6,6,13
Troy Deeney,Tro-583,32,583545600,32323,Premier League,2018/2019,Forward,Watford,2548,1298,1250,England,32,16,16,9,3,6,5,1,4,1,0,5,3,2,43,23,20,5,1,0.49,0.18,0.32,0.21,0.43,283,1.52,59,80,425,510,0.21,57,81,-1,2
Tyias Browning,Tyi-769,26,769996800,34481,Premier League,2018/2019,Defender,Everton,0,0,0,England,0,0,0,0,0,0,0,0,0,0,0,0,0,0,0,0,0,0,0,0,0,0,0,0,0,0,0,0,0,0,0,-1,-1,-1,-1
Tyreke Johnson,Tyr-910,22,910051200,36102,Premier League,2018/2019,Defender,Southampton,0,0,0,England,1,1,0,0,0,0,0,0,0,0,0,0,0,0,0,0,0,0,0,0,0,0,0,0,0,0,0,0,0,0,0,-1,-1,-1,-1
Tyrone Mings,Tyr-731,28,731980800,34041,Premier League,2018/2019,Defender,AFC Bournemouth,141,7,134,England,5,2,3,0,0,0,0,0,0,0,0,0,0,0,4,0,4,0,0,0,0,0,0,0,0,2.55,35,28,0,0,0,-1,-1,-1,23
Vicente Guaita,Vic-537,34,537235200,31787,Premier League,2018/2019,Goalkeeper,Crystal Palace,1755,1035,720,Spain,20,12,8,0,0,0,0,0,0,0,0,7,5,2,21,12,9,2,0,0,0,0,0,0,0,1.08,84,88,878,0,0.1,325,352,45,19
Vicente Iborra De La Fuente,Vic-569,33,569289600,32158,Premier League,2018/2019,Midfielder,Leicester City,226,152,74,Spain,8,3,5,0,0,0,0,0,0,0,0,3,1,2,4,2,2,0,0,0,0,0,0,0,0,1.59,57,28,0,0,0,-1,-1,-1,14
V√≠ctor Camarasa,V√≠-770,26,770083200,34482,Premier League,2018/2019,Midfielder,Cardiff City,2579,1267,1312,Spain,32,16,16,5,4,1,4,1,3,1,0,8,4,4,48,25,23,6,0,0.31,0.14,0.17,0.28,0.07,516,1.68,54,81,430,645,0.21,111,106,-1,1
Victor Moses,Vic-660,30,660960000,33219,Premier League,2018/2019,Midfielder,Chelsea,26,17,9,Nigeria,2,1,1,0,0,0,0,0,0,0,0,1,0,1,1,1,0,0,0,0,0,0,0,0,0,3.46,26,13,0,0,0,-1,-1,-1,23
Victor Nilsson Lindel√∂f,Vic-774,26,774403200,34532,Premier League,2018/2019,Defender,Manchester United,2602,1112,1490,Sweden,30,13,17,1,1,0,1,0,1,0,0,6,2,4,38,13,25,1,0,0.07,0.03,0.03,0.08,0,2602,1.31,68,87,2602,2602,0.03,263,246,88,14
Victor Wanyama,Vic-677,29,677808000,33414,Premier League,2018/2019,Midfielder,Tottenham Hotspur,509,302,207,Kenya,13,9,4,1,1,0,0,0,0,0,0,6,4,2,3,3,0,2,0,0.18,0,0.18,0.3,0,509,0.53,170,39,255,0,0.35,106,266,-1,11
Viktor Gy√∂keres,Vik-896,22,896918400,35950,Premier League,2018/2019,Forward,Brighton & Hove Albion,0,0,0,Sweden,0,0,0,0,0,0,0,0,0,0,0,0,0,0,0,0,0,0,0,0,0,0,0,0,0,0,0,0,0,0,0,-1,-1,-1,-1
Vincent Janssen,Vin-771,26,771638400,34500,Premier League,2018/2019,Forward,Tottenham Hotspur,36,36,0,Netherlands,3,3,0,0,0,0,0,0,0,0,0,1,1,0,0,0,0,0,0,0,0,0,0,0,0,0,0,12,0,0,0,-1,-1,-1,28
Vincent Kompany,Vin-513,34,513475200,31512,Premier League,2018/2019,Defender,Manchester City,1223,561,662,Belgium,17,8,9,1,1,0,0,0,0,0,0,7,3,4,7,3,4,6,0,0.07,0,0.07,0.16,0,1223,0.52,175,72,204,0,0.44,194,384,7,12
Virgil van Dijk,Vir-678,29,678931200,33427,Premier League,2018/2019,Defender,Liverpool,3385,1675,1710,Netherlands,38,19,19,4,2,2,2,1,1,0,0,21,12,9,19,8,11,1,0,0.16,0.05,0.11,0.11,0.11,846,0.51,178,89,3385,1693,0.03,152,201,5,6
Wayne Hennessey,Way-538,34,538444800,31801,Premier League,2018/2019,Goalkeeper,Crystal Palace,1575,675,900,Wales,18,8,10,0,0,0,0,0,0,0,0,5,2,3,23,8,15,0,0,0,0,0,0,0,0,1.31,68,88,0,0,0,321,404,87,13
Wes Morgan,Wes-443,37,443491200,30702,Premier League,2018/2019,Defender,Leicester City,1926,783,1143,Jamaica,22,9,13,3,1,2,0,0,0,0,0,6,3,3,24,9,15,5,2,0.14,0,0.14,0.11,0.16,642,1.12,80,88,385,0,0.23,125,300,48,6
Wesley Hoedt,Wes-762,27,762912000,34399,Premier League,2018/2019,Defender,Southampton,1170,540,630,Netherlands,13,6,7,0,0,0,0,0,0,0,0,4,2,2,20,5,15,2,0,0,0,0,0,0,0,1.54,59,90,585,0,0.15,374,370,123,27
Wilfredo Daniel Caballero,Wil-370,39,370483200,29857,Premier League,2018/2019,Goalkeeper,Chelsea,180,90,90,Argentina,2,1,1,0,0,0,0,0,0,0,0,2,1,1,0,0,0,0,0,0,0,0,0,0,0,0,0,90,0,0,0,-1,-1,-1,19
Wilfried Zaha,Wil-721,28,721353600,33918,Premier League,2018/2019,Midfielder,Crystal Palace,3041,1347,1694,C√¥te d'Ivoire,34,15,19,10,1,9,5,3,2,0,0,10,5,5,45,18,27,10,1,0.44,0.15,0.3,0.07,0.48,304,1.33,68,89,304,608,0.3,63,92,-1,2
Will Hughes,Wil-798,25,798076800,34806,Premier League,2018/2019,Midfielder,Watford,2436,1251,1185,England,32,16,16,2,1,1,4,2,2,0,0,5,3,2,39,19,20,5,0,0.22,0.15,0.07,0.07,0.08,1218,1.44,62,76,487,609,0.18,199,91,-1,8
Will Norris,Wil-745,27,745113600,34193,Premier League,2018/2019,Goalkeeper,Wolverhampton Wanderers,0,0,0,England,1,1,0,0,0,0,0,0,0,0,0,1,1,0,0,0,0,0,0,0,0,0,0,0,0,0,0,0,0,0,0,-1,-1,-1,-1
Willian,Wil-587,32,587088000,32364,Premier League,2018/2019,Forward,Chelsea,2108,833,1275,Brazil,32,15,17,3,2,1,6,3,3,0,0,13,7,6,23,6,17,2,0,0.38,0.26,0.13,0.22,0.07,703,0.98,92,66,1054,351,0.09,132,36,-1,8
Willy Boly,Wil-665,30,665539200,33272,Premier League,2018/2019,Defender,Wolverhampton Wanderers,3169,1530,1639,France,36,17,19,4,2,2,0,0,0,0,0,8,6,2,38,17,21,3,1,0.11,0,0.11,0.12,0.11,792,1.08,83,88,792,0,0.11,148,312,43,4
Xherdan Shaqiri,Xhe-687,29,687052800,33521,Premier League,2018/2019,Midfielder,Liverpool,1058,538,520,Switzerland,24,12,12,6,5,1,3,0,3,0,0,12,7,5,5,3,2,2,0,0.77,0.26,0.51,0.84,0.17,176,0.43,212,44,529,353,0.17,15,39,-1,4
Yann Valery,Yan-919,22,919641600,36213,Premier League,2018/2019,Defender,Southampton,1715,1070,645,France,23,13,10,2,1,1,1,1,0,0,0,3,1,2,26,17,9,5,1,0.16,0.05,0.1,0.08,0.14,858,1.36,66,75,343,1715,0.26,162,214,95,7
Yerry Fernando Mina Gonz√°lez,Yer-780,26,780278400,34600,Premier League,2018/2019,Defender,Everton,890,360,530,Colombia,13,6,7,1,0,1,0,0,0,0,0,4,3,1,12,3,9,3,0,0.1,0,0.1,0,0.17,890,1.21,74,68,297,0,0.3,161,329,67,9
Yoshinori Muto,Yos-711,28,711158400,33800,Premier League,2018/2019,Forward,Newcastle United,516,180,336,Japan,17,8,9,1,0,1,0,0,0,0,0,5,1,4,10,3,7,1,0,0.17,0,0.17,0,0.27,516,1.74,52,30,516,0,0.17,113,290,-1,8
Youri Tielemans,You-862,23,862963200,35557,Premier League,2018/2019,Midfielder,Leicester City,1092,575,517,Belgium,13,7,6,3,2,1,4,2,2,0,0,3,3,0,13,5,8,2,0,0.58,0.33,0.25,0.31,0.17,364,1.07,84,84,546,273,0.16,80,13,-1,4
Yves Bissouma,Yve-841,24,841363200,35307,Premier League,2018/2019,Midfielder,Brighton & Hove Albion,1769,747,1022,Mali,28,13,15,0,0,0,0,0,0,0,0,5,4,1,30,14,16,5,0,0,0,0,0,0,0,1.53,59,63,354,0,0.25,402,293,-1,17
Zechariah Medley,Zec-962,20,962928000,36714,Premier League,2018/2019,Defender,Arsenal,0,0,0,England,0,0,0,0,0,0,0,0,0,0,0,0,0,0,0,0,0,0,0,0,0,0,0,0,0,0,0,0,0,0,0,-1,-1,-1,-1
Zeze Steven Sessegnon,Zez-958,20,958608000,36664,Premier League,2018/2019,Defender,Fulham,0,0,0,England,0,0,0,0,0,0,0,0,0,0,0,0,0,0,0,0,0,0,0,0,0,0,0,0,0,0,0,0,0,0,0,-1,-1,-1,-1
≈Åukasz Fabia≈Ñski,≈Åu-482,35,482630400,31155,Premier League,2018/2019,Goalkeeper,West Ham United,3420,1710,1710,Poland,38,19,19,0,0,0,0,0,0,0,0,7,4,3,48,23,25,0,0,0,0,0,0,0,0,1.26,71,90,0,0,0,391,343,81,19
